{
  "precision_at_k": 0.6852063492063514,
  "recall_at_k": 0.8395873015873029,
  "f1_at_k": 0.7466971758400363,
  "type_acc_on_intersection": 0.9989841269841271,
  "type_support_on_intersection": 3.7733333333333334,
  "k": 5.523809523809524,
  "gt_nonzero": 4.567619047619048
}