{
    "epoch": 3.0,
    "eval_acc_3class": 0.968932443703086,
    "eval_any_f1": 0.9403919983835117,
    "eval_any_precision": 0.9121912975303802,
    "eval_any_recall": 0.9703919933277732,
    "eval_cm00": 6970,
    "eval_cm01": 224,
    "eval_cm02": 0,
    "eval_cm10": 70,
    "eval_cm11": 1711,
    "eval_cm12": 0,
    "eval_cm20": 1,
    "eval_cm21": 3,
    "eval_cm22": 613,
    "eval_loss": 0.1319236159324646,
    "eval_runtime": 14.4073,
    "eval_samples_per_second": 665.775,
    "eval_steps_per_second": 41.646,
    "eval_type_f1": 0.9975589910496339,
    "eval_type_precision": 1.0,
    "eval_type_recall": 0.9951298701298701,
    "eval_type_support": 2327.0,
    "total_flos": 1.0850702790718224e+16,
    "train_loss": 0.23004285631694935,
    "train_runtime": 1019.474,
    "train_samples_per_second": 129.879,
    "train_steps_per_second": 16.235
}